Workbook

Sheet Read me
B2: Bar inventory tracker
B4: Connect the phone count page to this file
B5: 1. Put this file in Google Drive, open it, then File > Save as Google Sheets. Apps Script cannot run on an .xlsx.
B6: 2. In the Google Sheets copy: Extensions > Apps Script. Paste in google-sheet-endpoint.gs and save.
B7: 3. Deploy > New deployment > Web app. Execute as: Me. Who has access: Anyone. Authorise it.
B8: 4. Copy the URL ending in /exec.
B9: 5. Open bar-count.html on the phone, tap the sync line under the progress bar, paste the URL, Save and test.
B10: From then on every item lands in the Counts tab a second or two after it is saved on the phone.
B12: The three tabs
B13: Items Master list. Add, rename or retire items here. Fill in Par level (yellow) for anything you want an order warning on.
B14: Counts One row per item per count. It only ever grows. Nothing here is overwritten, which is what makes history possible.
B15: Daily report Type a date in B1 to see overnight change, morning, night, poured and an ORDER flag for that day.
... B28: It is slower to count on than the tap-the-level page, but there is nothing to host and nothing to maintain.

Sheet Items
A1: No | B1: Item | C1: Category | D1: Count as | E1: Par level | F1: Active
A2: 1 | B2: Cask | C2: Liquor | D2: Part bottles | F2: Yes
A3: 2 | B3: Skew Ball * | C3: Liquor | D3: Part bottles | F3: Yes
A4: 3 | B4: Sazerac Rye | C4: Liquor | D4: Part bottles | F4: Yes
A5: 4 | B5: Jefferson's Reserve * | C5: Liquor | D5: Part bottles | F5: Yes
A6: 5 | B6: Pegleg Porker * | C6: Liquor | D6: Part bottles | F6: Yes
A7: 6 | B7: Uncle Nearst 1856 * | C7: Liquor | D7: Part bottles | F7: Yes
A8: 7 | B8: Company Distilling | C8: Liquor | D8: Part bottles | F8: Yes
A9: 8 | B9: Larceny | C9: Liquor | D9: Part bottles | F9: Yes
A10: 9 | B10: Jefferson Ocean | C10: Liquor | D10: Part bottles | F10: Yes
A11: 10 | B11: Larceny | C11: Liquor | D11: Part bottles | F11: Yes
A12: 11 | B12: Basil Hayden | C12: Liquor | D12: Part bottles | F12: Yes
A13: 12 | B13: Knob Creek | C13: Liquor | D13: Part bottles | F13: Yes
... A118: 117 | B118: Liberty Creek Pinot Noir * | C118: Wine | D118: Whole units | F118: Yes
B120: Blue on yellow = your input. Par level is the minimum you want on hand; leave it blank to skip the check.

Sheet Counts
A1: Date | B1: Shift | C1: No | D1: Item | E1: Category | F1: Qty | G1: Unit | H1: Counted by | I1: Key | J1: Prev qty | K1: Change
A2: 2020-01-01 | B2: Morning | C2: 1 | D2: Cask | E2: Liquor | F2: 0.7 | G2: bottle | H2: EXAMPLE ROW - safe to delete | I2: 2020-01-01|Morning|1
B4: The phone writes here. Key is Date|Shift|No — it lets a re-sent count correct its own row instead of duplicating it.
B5: Prev qty and Change are filled in by the script: the previous count of that same item, and the difference. Do not type in them.

Sheet Daily report
A1: Count date | B1: 2026-08-29 | C1: <- type the date to look at (yyyy-mm-dd)
A3: No | B3: Item | C3: Category | D3: Overnight | E3: Morning | F3: Night | G3: Poured | H3: Par | I3: Status
A4: 1 | B4: Cask | C4: Liquor | D4: =IFERROR(IF(INDEX(Counts!$K:$K,MATCH(TEXT($B$1,"yyyy-mm-dd")&"|Morning|"&$A4,Counts!$I:$I,0))="","",INDEX(Counts!$K:$K,MATCH(TEXT($B$1,"yyyy-mm-dd")&"|Morning|"&$A4,Counts!$I:$I,0))),"") | E4: =IF(COUNTIFS(Counts!$I:$I,TEXT($B$1,"yyyy-mm-dd")&"|Morning|"&$A4)=0,"",SUMIFS(Counts!$F:$F,Counts!$I:$I,TEXT($B$1,"yyyy-mm-dd")&"|Morning|"&$A4)) | F4: =IF(COUNTIFS(Counts!$I:$I,TEXT($B$1,"yyyy-mm-dd")&"|Night|"&$A4)=0,"",SUMIFS(Counts!$F:$F,Counts!$I:$I,TEXT($B$1,"yyyy-mm-dd")&"|Night|"&$A4)) | G4: =IF(OR($E4="",$F4=""),"",$E4-$F4) | H4: =IFERROR(IF(INDEX(Items!$E:$E,MATCH($A4,Items!$A:$A,0))="","",INDEX(Items!$E:$E,MATCH($A4,Items!$A:$A,0))),"") | I4: =IF($H4="","",IF(IF($F4="",$E4,$F4)="","",IF(IF($F4="",$E4,$F4)<$H4,"ORDER","OK")))
A5: 2 | B5: Skew Ball * | C5: Liquor | D5: =IFERROR(IF(INDEX(Counts!$K:$K,MATCH(TEXT($B$1,"yyyy-mm-dd")&"|Morning|"&$A5,Counts!$I:$I,0))="","",INDEX(Counts!$K:$K,MATCH(TEXT($B$1,"yyyy-mm-dd")&"|Morning|"&$A5,Counts!$I:$I,0))),"") | E5: =IF(COUNTIFS(Counts!$I:$I,TEXT($B$1,"yyyy-mm-dd")&"|Morning|"&$A5)=0,"",SUMIFS(Counts!$F:$F,Counts!$I:$I,TEXT($B$1,"yyyy-mm-dd")&"|Morning|"&$A5)) | F5: =IF(COUNTIFS(Counts!$I:$I,TEXT($B$1,"yyyy-mm-dd")&"|Night|"&$A5)=0,"",SUMIFS(Counts!$F:$F,Counts!$I:$I,TEXT($B$1,"yyyy-mm-dd")&"|Night|"&$A5)) | G5: =IF(OR($E5="",$F5=""),"",$E5-$F5) | H5: =IFERROR(IF(INDEX(Items!$E:$E,MATCH($A5,Items!$A:$A,0))="","",INDEX(Items!$E:$E,MATCH($A5,Items!$A:$A,0))),"") | I5: =IF($H5="","",IF(IF($F5="",$E5,$F5)="","",IF(IF($F5="",$E5,$F5)<$H5,"ORDER","OK")))
A6: 3 | B6: Sazerac Rye | C6: Liquor | D6: =IFERROR(IF(INDEX(Counts!$K:$K,MATCH(TEXT($B$1,"yyyy-mm-dd")&"|Morning|"&$A6,Counts!$I:$I,0))="","",INDEX(Counts!$K:$K,MATCH(TEXT($B$1,"yyyy-mm-dd")&"|Morning|"&$A6,Counts!$I:$I,0))),"") | E6: =IF(COUNTIFS(Counts!$I:$I,TEXT($B$1,"yyyy-mm-dd")&"|Morning|"&$A6)=0,"",SUMIFS(Counts!$F:$F,Counts!$I:$I,TEXT($B$1,"yyyy-mm-dd")&"|Morning|"&$A6)) | F6: =IF(COUNTIFS(Counts!$I:$I,TEXT($B$1,"yyyy-mm-dd")&"|Night|"&$A6)=0,"",SUMIFS(Counts!$F:$F,Counts!$I:$I,TEXT($B$1,"yyyy-mm-dd")&"|Night|"&$A6)) | G6: =IF(OR($E6="",$F6=""),"",$E6-$F6) | H6: =IFERROR(IF(INDEX(Items!$E:$E,MATCH($A6,Items!$A:$A,0))="","",INDEX(Items!$E:$E,MATCH($A6,Items!$A:$A,0))),"") | I6: =IF($H6="","",IF(IF($F6="",$E6,$F6)="","",IF(IF($F6="",$E6,$F6)<$H6,"ORDER","OK")))
A7: 4 | B7: Jefferson's Reserve * | C7: Liquor | D7: =IFERROR(IF(INDEX(Counts!$K:$K,MATCH(TEXT($B$1,"yyyy-mm-dd")&"|Morning|"&$A7,Counts!$I:$I,0))="","",INDEX(Counts!$K:$K,MATCH(TEXT($B$1,"yyyy-mm-dd")&"|Morning|"&$A7,Counts!$I:$I,0))),"") | E7: =IF(COUNTIFS(Counts!$I:$I,TEXT($B$1,"yyyy-mm-dd")&"|Morning|"&$A7)=0,"",SUMIFS(Counts!$F:$F,Counts!$I:$I,TEXT($B$1,"yyyy-mm-dd")&"|Morning|"&$A7)) | F7: =IF(COUNTIFS(Counts!$I:$I,TEXT($B$1,"yyyy-mm-dd")&"|Night|"&$A7)=0,"",SUMIFS(Counts!$F:$F,Counts!$I:$I,TEXT($B$1,"yyyy-mm-dd")&"|Night|"&$A7)) | G7: =IF(OR($E7="",$F7=""),"",$E7-$F7) | H7: =IFERROR(IF(INDEX(Items!$E:$E,MATCH($A7,Items!$A:$A,0))="","",INDEX(Items!$E:$E,MATCH($A7,Items!$A:$A,0))),"") | I7: =IF($H7="","",IF(IF($F7="",$E7,$F7)="","",IF(IF($F7="",$E7,$F7)<$H7,"ORDER","OK")))
A8: 5 | B8: Pegleg Porker * | C8: Liquor | D8: =IFERROR(IF(INDEX(Counts!$K:$K,MATCH(TEXT($B$1,"yyyy-mm-dd")&"|Morning|"&$A8,Counts!$I:$I,0))="","",INDEX(Counts!$K:$K,MATCH(TEXT($B$1,"yyyy-mm-dd")&"|Morning|"&$A8,Counts!$I:$I,0))),"") | E8: =IF(COUNTIFS(Counts!$I:$I,TEXT($B$1,"yyyy-mm-dd")&"|Morning|"&$A8)=0,"",SUMIFS(Counts!$F:$F,Counts!$I:$I,TEXT($B$1,"yyyy-mm-dd")&"|Morning|"&$A8)) | F8: =IF(COUNTIFS(Counts!$I:$I,TEXT($B$1,"yyyy-mm-dd")&"|Night|"&$A8)=0,"",SUMIFS(Counts!$F:$F,Counts!$I:$I,TEXT($B$1,"yyyy-mm-dd")&"|Night|"&$A8)) | G8: =IF(OR($E8="",$F8=""),"",$E8-$F8) | H8: =IFERROR(IF(INDEX(Items!$E:$E,MATCH($A8,Items!$A:$A,0))="","",INDEX(Items!$E:$E,MATCH($A8,Items!$A:$A,0))),"") | I8: =IF($H8="","",IF(IF($F8="",$E8,$F8)="","",IF(IF($F8="",$E8,$F8)<$H8,"ORDER","OK")))
A9: 6 | B9: Uncle Nearst 1856 * | C9: Liquor | D9: =IFERROR(IF(INDEX(Counts!$K:$K,MATCH(TEXT($B$1,"yyyy-mm-dd")&"|Morning|"&$A9,Counts!$I:$I,0))="","",INDEX(Counts!$K:$K,MATCH(TEXT($B$1,"yyyy-mm-dd")&"|Morning|"&$A9,Counts!$I:$I,0))),"") | E9: =IF(COUNTIFS(Counts!$I:$I,TEXT($B$1,"yyyy-mm-dd")&"|Morning|"&$A9)=0,"",SUMIFS(Counts!$F:$F,Counts!$I:$I,TEXT($B$1,"yyyy-mm-dd")&"|Morning|"&$A9)) | F9: =IF(COUNTIFS(Counts!$I:$I,TEXT($B$1,"yyyy-mm-dd")&"|Night|"&$A9)=0,"",SUMIFS(Counts!$F:$F,Counts!$I:$I,TEXT($B$1,"yyyy-mm-dd")&"|Night|"&$A9)) | G9: =IF(OR($E9="",$F9=""),"",$E9-$F9) | H9: =IFERROR(IF(INDEX(Items!$E:$E,MATCH($A9,Items!$A:$A,0))="","",INDEX(Items!$E:$E,MATCH($A9,Items!$A:$A,0))),"") | I9: =IF($H9="","",IF(IF($F9="",$E9,$F9)="","",IF(IF($F9="",$E9,$F9)<$H9,"ORDER","OK")))
A10: 7 | B10: Company Distilling | C10: Liquor | D10: =IFERROR(IF(INDEX(Counts!$K:$K,MATCH(TEXT($B$1,"yyyy-mm-dd")&"|Morning|"&$A10,Counts!$I:$I,0))="","",INDEX(Counts!$K:$K,MATCH(TEXT($B$1,"yyyy-mm-dd")&"|Morning|"&$A10,Counts!$I:$I,0))),"") | E10: =IF(COUNTIFS(Counts!$I:$I,TEXT($B$1,"yyyy-mm-dd")&"|Morning|"&$A10)=0,"",SUMIFS(Counts!$F:$F,Counts!$I:$I,TEXT($B$1,"yyyy-mm-dd")&"|Morning|"&$A10)) | F10: =IF(COUNTIFS(Counts!$I:$I,TEXT($B$1,"yyyy-mm-dd")&"|Night|"&$A10)=0,"",SUMIFS(Counts!$F:$F,Counts!$I:$I,TEXT($B$1,"yyyy-mm-dd")&"|Night|"&$A10)) | G10: =IF(OR($E10="",$F10=""),"",$E10-$F10) | H10: =IFERROR(IF(INDEX(Items!$E:$E,MATCH($A10,Items!$A:$A,0))="","",INDEX(Items!$E:$E,MATCH($A10,Items!$A:$A,0))),"") | I10: =IF($H10="","",IF(IF($F10="",$E10,$F10)="","",IF(IF($F10="",$E10,$F10)<$H10,"ORDER","OK")))
A11: 8 | B11: Larceny | C11: Liquor | D11: =IFERROR(IF(INDEX(Counts!$K:$K,MATCH(TEXT($B$1,"yyyy-mm-dd")&"|Morning|"&$A11,Counts!$I:$I,0))="","",INDEX(Counts!$K:$K,MATCH(TEXT($B$1,"yyyy-mm-dd")&"|Morning|"&$A11,Counts!$I:$I,0))),"") | E11: =IF(COUNTIFS(Counts!$I:$I,TEXT($B$1,"yyyy-mm-dd")&"|Morning|"&$A11)=0,"",SUMIFS(Counts!$F:$F,Counts!$I:$I,TEXT($B$1,"yyyy-mm-dd")&"|Morning|"&$A11)) | F11: =IF(COUNTIFS(Counts!$I:$I,TEXT($B$1,"yyyy-mm-dd")&"|Night|"&$A11)=0,"",SUMIFS(Counts!$F:$F,Counts!$I:$I,TEXT($B$1,"yyyy-mm-dd")&"|Night|"&$A11)) | G11: =IF(OR($E11="",$F11=""),"",$E11-$F11) | H11: =IFERROR(IF(INDEX(Items!$E:$E,MATCH($A11,Items!$A:$A,0))="","",INDEX(Items!$E:$E,MATCH($A11,Items!$A:$A,0))),"") | I11: =IF($H11="","",IF(IF($F11="",$E11,$F11)="","",IF(IF($F11="",$E11,$F11)<$H11,"ORDER","OK")))
A12: 9 | B12: Jefferson Ocean | C12: Liquor | D12: =IFERROR(IF(INDEX(Counts!$K:$K,MATCH(TEXT($B$1,"yyyy-mm-dd")&"|Morning|"&$A12,Counts!$I:$I,0))="","",INDEX(Counts!$K:$K,MATCH(TEXT($B$1,"yyyy-mm-dd")&"|Morning|"&$A12,Counts!$I:$I,0))),"") | E12: =IF(COUNTIFS(Counts!$I:$I,TEXT($B$1,"yyyy-mm-dd")&"|Morning|"&$A12)=0,"",SUMIFS(Counts!$F:$F,Counts!$I:$I,TEXT($B$1,"yyyy-mm-dd")&"|Morning|"&$A12)) | F12: =IF(COUNTIFS(Counts!$I:$I,TEXT($B$1,"yyyy-mm-dd")&"|Night|"&$A12)=0,"",SUMIFS(Counts!$F:$F,Counts!$I:$I,TEXT($B$1,"yyyy-mm-dd")&"|Night|"&$A12)) | G12: =IF(OR($E12="",$F12=""),"",$E12-$F12) | H12: =IFERROR(IF(INDEX(Items!$E:$E,MATCH($A12,Items!$A:$A,0))="","",INDEX(Items!$E:$E,MATCH($A12,Items!$A:$A,0))),"") | I12: =IF($H12="","",IF(IF($F12="",$E12,$F12)="","",IF(IF($F12="",$E12,$F12)<$H12,"ORDER","OK")))
A13: 10 | B13: Larceny | C13: Liquor | D13: =IFERROR(IF(INDEX(Counts!$K:$K,MATCH(TEXT($B$1,"yyyy-mm-dd")&"|Morning|"&$A13,Counts!$I:$I,0))="","",INDEX(Counts!$K:$K,MATCH(TEXT($B$1,"yyyy-mm-dd")&"|Morning|"&$A13,Counts!$I:$I,0))),"") | E13: =IF(COUNTIFS(Counts!$I:$I,TEXT($B$1,"yyyy-mm-dd")&"|Morning|"&$A13)=0,"",SUMIFS(Counts!$F:$F,Counts!$I:$I,TEXT($B$1,"yyyy-mm-dd")&"|Morning|"&$A13)) | F13: =IF(COUNTIFS(Counts!$I:$I,TEXT($B$1,"yyyy-mm-dd")&"|Night|"&$A13)=0,"",SUMIFS(Counts!$F:$F,Counts!$I:$I,TEXT($B$1,"yyyy-mm-dd")&"|Night|"&$A13)) | G13: =IF(OR($E13="",$F13=""),"",$E13-$F13) | H13: =IFERROR(IF(INDEX(Items!$E:$E,MATCH($A13,Items!$A:$A,0))="","",INDEX(Items!$E:$E,MATCH($A13,Items!$A:$A,0))),"") | I13: =IF($H13="","",IF(IF($F13="",$E13,$F13)="","",IF(IF($F13="",$E13,$F13)<$H13,"ORDER","OK")))
A14: 11 | B14: Basil Hayden | C14: Liquor | D14: =IFERROR(IF(INDEX(Counts!$K:$K,MATCH(TEXT($B$1,"yyyy-mm-dd")&"|Morning|"&$A14,Counts!$I:$I,0))="","",INDEX(Counts!$K:$K,MATCH(TEXT($B$1,"yyyy-mm-dd")&"|Morning|"&$A14,Counts!$I:$I,0))),"") | E14: =IF(COUNTIFS(Counts!$I:$I,TEXT($B$1,"yyyy-mm-dd")&"|Morning|"&$A14)=0,"",SUMIFS(Counts!$F:$F,Counts!$I:$I,TEXT($B$1,"yyyy-mm-dd")&"|Morning|"&$A14)) | F14: =IF(COUNTIFS(Counts!$I:$I,TEXT($B$1,"yyyy-mm-dd")&"|Night|"&$A14)=0,"",SUMIFS(Counts!$F:$F,Counts!$I:$I,TEXT($B$1,"yyyy-mm-dd")&"|Night|"&$A14)) | G14: =IF(OR($E14="",$F14=""),"",$E14-$F14) | H14: =IFERROR(IF(INDEX(Items!$E:$E,MATCH($A14,Items!$A:$A,0))="","",INDEX(Items!$E:$E,MATCH($A14,Items!$A:$A,0))),"") | I14: =IF($H14="","",IF(IF($F14="",$E14,$F14)="","",IF(IF($F14="",$E14,$F14)<$H14,"ORDER","OK")))
A15: 12 | B15: Knob Creek | C15: Liquor | D15: =IFERROR(IF(INDEX(Counts!$K:$K,MATCH(TEXT($B$1,"yyyy-mm-dd")&"|Morning|"&$A15,Counts!$I:$I,0))="","",INDEX(Counts!$K:$K,MATCH(TEXT($B$1,"yyyy-mm-dd")&"|Morning|"&$A15,Counts!$I:$I,0))),"") | E15: =IF(COUNTIFS(Counts!$I:$I,TEXT($B$1,"yyyy-mm-dd")&"|Morning|"&$A15)=0,"",SUMIFS(Counts!$F:$F,Counts!$I:$I,TEXT($B$1,"yyyy-mm-dd")&"|Morning|"&$A15)) | F15: =IF(COUNTIFS(Counts!$I:$I,TEXT($B$1,"yyyy-mm-dd")&"|Night|"&$A15)=0,"",SUMIFS(Counts!$F:$F,Counts!$I:$I,TEXT($B$1,"yyyy-mm-dd")&"|Night|"&$A15)) | G15: =IF(OR($E15="",$F15=""),"",$E15-$F15) | H15: =IFERROR(IF(INDEX(Items!$E:$E,MATCH($A15,Items!$A:$A,0))="","",INDEX(Items!$E:$E,MATCH($A15,Items!$A:$A,0))),"") | I15: =IF($H15="","",IF(IF($F15="",$E15,$F15)="","",IF(IF($F15="",$E15,$F15)<$H15,"ORDER","OK")))
... A120: 117 | B120: Liberty Creek Pinot Noir * | C120: Wine | D120: =IFERROR(IF(INDEX(Counts!$K:$K,MATCH(TEXT($B$1,"yyyy-mm-dd")&"|Morning|"&$A120,Counts!$I:$I,0))="","",INDEX(Counts!$K:$K,MATCH(TEXT($B$1,"yyyy-mm-dd")&"|Morning|"&$A120,Counts!$I:$I,0))),"") | E120: =IF(COUNTIFS(Counts!$I:$I,TEXT($B$1,"yyyy-mm-dd")&"|Morning|"&$A120)=0,"",SUMIFS(Counts!$F:$F,Counts!$I:$I,TEXT($B$1,"yyyy-mm-dd")&"|Morning|"&$A120)) | F120: =IF(COUNTIFS(Counts!$I:$I,TEXT($B$1,"yyyy-mm-dd")&"|Night|"&$A120)=0,"",SUMIFS(Counts!$F:$F,Counts!$I:$I,TEXT($B$1,"yyyy-mm-dd")&"|Night|"&$A120)) | G120: =IF(OR($E120="",$F120=""),"",$E120-$F120) | H120: =IFERROR(IF(INDEX(Items!$E:$E,MATCH($A120,Items!$A:$A,0))="","",INDEX(Items!$E:$E,MATCH($A120,Items!$A:$A,0))),"") | I120: =IF($H120="","",IF(IF($F120="",$E120,$F120)="","",IF(IF($F120="",$E120,$F120)<$H120,"ORDER","OK")))
B122: Overnight = the morning count minus the count before it, so it is what moved while the bar was shut. Positive means a delivery landed. Negative with no delivery is worth a look.
B123: Poured = Morning minus Night on the same date. Status compares the day's latest count against the Par level on the Items tab.
